{
"time" : [0, 0.105694, 0.211388, 0.317082, 0.422776, 0.528471, 0.634165, 0.739859, 0.845553, 0.951247, 1.05694, 1.16264, 1.26833, 1.37402, 1.47972, 1.58541, 1.69111, 1.7968, 1.90249, 2.00819, 2.11388, 2.21958, 2.32527, 2.43096, 2.53666, 2.64235, 2.74805, 2.85374], 
"position" : [[0.0441185, 0.036979, 0.0213313, 4.98072, 0, 0], [0.0441185, 0.036979, 0.0213313, 4.98072, 0, 0], [0.0441185, 0.036979, 0.0213313, 4.98072, 0, 0], [0.0441185, 0.036979, 0.0213313, 4.98072, 0, 0], [0.0441185, 0.036979, 0.0213313, 4.98072, 0, 0], [0.0441185, 0.036979, 0.0213313, 4.98072, 0, 0], [0.0441185, 0.036979, 0.0213313, 4.98072, 0, 0], [0.0441185, 0.036979, 0.0213313, 4.98072, 0, 0], [0.0441185, 0.036979, 0.0213313, 4.98072, 0, 0], [0.0441185, 0.036979, 0.0213313, 4.98072, 0, 0], [0.0441185, 0.036979, 0.0213313, 4.98072, 0, 0], [0.0441185, 0.036979, 0.0213313, 4.98072, 0, 0], [0.0441185, 0.036979, 0.0213313, 4.98072, 0, 0], [0.0441185, 0.036979, 0.0213313, 4.98072, 0, 0], [0.0441185, 0.036979, 0.0213313, 4.98072, 0, 0], [0.0441185, 0.036979, 0.0213313, 4.98072, 0, 0], [0.0441185, 0.036979, 0.0213313, 4.98072, 0, 0], [0.0441185, 0.036979, 0.0213313, 4.98072, 0, 0], [0.0441185, 0.036979, 0.0213313, 4.98072, 0, 0], [0.0441185, 0.036979, 0.0213313, 4.98072, 0, 0], [0.0441185, 0.036979, 0.0213313, 4.98072, 0, 0], [0.0441185, 0.036979, 0.0213313, 4.98072, 0, 0], [0.0441185, 0.036979, 0.0213313, 4.98072, 0, 0], [0.0441185, 0.036979, 0.0213313, 4.98072, 0, 0], [0.0441185, 0.036979, 0.0213313, 4.98072, 0, 0], [0.0441185, 0.036979, 0.0213313, 4.98072, 0, 0], [0.0441185, 0.036979, 0.0213313, 4.98072, 0, 0], [0.0441185, 0.036979, 0.0213313, 4.98072, 0, 0]], 
"rotation" : [[0, 0, 0.707107, 0.707107, 0, 0, -0.707107, 0.707107], [0, 0, 0.639471, 0.768816, 0, 0, -0.707107, 0.707107], [-0.00283725, 0.0072201, 0.526005, 0.850445, 0, 0, -0.707107, 0.707107], [-0.0671748, 0.170943, 0.583894, 0.790781, 0, 0, -0.707107, 0.707107], [-0.11017, 0.310934, 0.633329, 0.700055, 0, 0, -0.707107, 0.707107], [0.055823, 0.233516, 0.769992, 0.591159, 0, 0, -0.707107, 0.707107], [0.226823, 0.137654, 0.840272, 0.472806, 0, 0, -0.707107, 0.707107], [0.402562, 0.0571941, 0.746019, 0.527377, 0, 0, -0.707107, 0.707107], [0.554024, 0.00976124, 0.593776, 0.583433, 0, 0, -0.707107, 0.707107], [0.639105, 0.126195, 0.328389, 0.683945, 0, 0, -0.707107, 0.707107], [0.657411, 0.214692, 0.0838364, 0.717419, 0, 0, -0.707107, 0.707107], [0.658193, 0.205496, 0.0520417, 0.722388, 0, 0, -0.707107, 0.707107], [0.658967, 0.193229, 0.0404011, 0.725804, 0, 0, -0.707107, 0.707107], [0.584431, 0.473895, 0.307099, 0.582713, 0, 0, -0.707107, 0.707107], [0.276543, 0.730748, 0.599494, 0.173604, 0, 0, -0.707107, 0.707107], [0.235183, 0.740852, 0.616895, 0.123566, 0, 0, -0.707107, 0.707107], [0.233972, 0.741093, 0.617355, 0.122112, 0, 0, -0.707107, 0.707107], [0.233972, 0.741093, 0.617355, 0.122112, 0, 0, -0.707107, 0.707107], [0.233972, 0.741093, 0.617355, 0.122112, 0, 0, -0.707107, 0.707107], [0.233972, 0.741093, 0.617355, 0.122112, 0, 0, -0.707107, 0.707107], [0.218936, 0.693467, 0.658201, 0.194785, 0, 0, -0.707107, 0.707107], [0.173874, 0.550734, 0.731162, 0.363129, 0, 0, -0.707107, 0.707107], [0.11392, 0.360835, 0.763896, 0.522766, 0, 0, -0.707107, 0.707107], [0.0461877, 0.146297, 0.745906, 0.648142, 0, 0, -0.707107, 0.707107], [0.00635888, 0.0201415, 0.713647, 0.700187, 0, 0, -0.707107, 0.707107], [0.000282018, 0.00089328, 0.707405, 0.706808, 0, 0, -0.707107, 0.707107], [0, 0, 0.707107, 0.707107, 0, 0, -0.707107, 0.707107], [0, 0, 0.707107, 0.707107, 0, 0, -0.707107, 0.707107]] 
}
