{
"names": ["root", "tip"],
"parent_id": [-1, 0],
"translation": [0, 0, 0, 4.98072, 0, 0],
"rotation": [0, 0, 0.707107, 0.707107, 0, 0, -0.707107, 0.707107]
}
